GeneSet	group1	group1	group1	group1	group1	group1	group1	group1	group2	group2	group2	group2	group2	group2	group2	group2
HALLMARK_TNFA_SIGNALING_VIA_NFKB	0.5069620911536119	0.5008210363633661	0.5153322039439465	0.529347406119507	0.4532938047047983	0.5128579495638477	0.4820783736792831	0.44002905205593434	0.5069620911536119	0.5008210363633661	0.5153322039439465	0.529347406119507	0.4532938047047983	0.5128579495638477	0.4820783736792831	0.44002905205593434
